good movie netflix,4434
good movie watch,2095
movie watch netflix,1921
netflix good movie,848
good netflix movie,788
really good movie,738
pretty good movie,511
need good movie,464
breaking bad movie,419
feel good movie,387
good horror movie,365
good as movie,325
find good movie,304
looking good movie,303
el camino breaking,263
camino breaking bad,263
good scary movie,246
horror movie netflix,245
netflix pretty good,238
good movie show,229
movie good netflix,215
netflix really good,210
know good movie,194
as movie netflix,183
good show movie,183
movie netflix good,181
movie netflix watch,171
netflix movie watch,166
watch good movie,165
damn good movie,159
